source,page,code,original_code,name
CTLG-9001936_Catalogue - Produits et Systèmes INfluence.pdf,26,P760000002,P760000002,16 zones de détection collectives
CTLG-9001936_Catalogue - Produits et Systèmes INfluence.pdf,26,P760000003,P760000003,16 zones de détection collectives
CTLG-9001936_Catalogue - Produits et Systèmes INfluence.pdf,26,P760000005,P760000005,2 bus adressés gamme I.Scan
CTLG-9001936_Catalogue - Produits et Systèmes INfluence.pdf,26,P760000028,P760000028,2 bus adressés gamme I.Scan
CTLG-9001936_Catalogue - Produits et Systèmes INfluence.pdf,26,P760000128,P760000128,2 bus adressés gamme I.Scan
CTLG-9001936_Catalogue - Produits et Systèmes INfluence.pdf,26,P760000017,P760000017,diffusion d’alarme indépendantes pour UGA 1
CTLG-9001936_Catalogue - Produits et Systèmes INfluence.pdf,26,P760000018,P760000018,mise en sécurité indépendantes
CTLG-9001936_Catalogue - Produits et Systèmes INfluence.pdf,26,P760000021,P760000021,2 fonctions de mise en sécurité indépendantes
CTLG-9001936_Catalogue - Produits et Systèmes INfluence.pdf,26,P760000022,P760000022,4 fonctions de mise en sécurité indépendantes
CTLG-9001936_Catalogue - Produits et Systèmes INfluence.pdf,26,P760000023,P760000023,8 fonctions de mise en sécurité indépendantes
CTLG-9001936_Catalogue - Produits et Systèmes INfluence.pdf,26,P760000024,P760000024,8 fonctions de mise en sécurité indépendantes
CTLG-9001936_Catalogue - Produits et Systèmes INfluence.pdf,27,P760000006,P760000006,12 relais
CTLG-9001936_Catalogue - Produits et Systèmes INfluence.pdf,27,P760000007,P760000007,24 relais
CTLG-9001936_Catalogue - Produits et Systèmes INfluence.pdf,27,P760000008,P760000008,24 relais
CTLG-9001936_Catalogue - Produits et Systèmes INfluence.pdf,27,P760000034,P760000034,Carte CFC 4 voies
CTLG-9001936_Catalogue - Produits et Systèmes INfluence.pdf,27,P760000035,P760000035,Carte CFC 8 voies
CTLG-9001936_Catalogue - Produits et Systèmes INfluence.pdf,27,P760000135,P760000135,Carte CFC 8 voies
CTLG-9001936_Catalogue - Produits et Systèmes INfluence.pdf,27,P760000029,P760000029,4 voies de transmission pour matériel déporté type MAP
CTLG-9001936_Catalogue - Produits et Systèmes INfluence.pdf,27,P760000030,P760000030,8 voies de transmission pour matériel déporté type MAP
CTLG-9001936_Catalogue - Produits et Systèmes INfluence.pdf,27,P760000130,P760000130,8 voies de transmission pour matériel déporté type MAP
CTLG-9001936_Catalogue - Produits et Systèmes INfluence.pdf,27,P760000031,P760000031,mande et de 4 lignes de contrôle
CTLG-9001936_Catalogue - Produits et Systèmes INfluence.pdf,27,P760000032,P760000032,mande et de 8 lignes de contrôle
CTLG-9001936_Catalogue - Produits et Systèmes INfluence.pdf,27,P760000033,P760000033,Matériel déporté équipé de 8 relais
CTLG-9001936_Catalogue - Produits et Systèmes INfluence.pdf,27,P760000041,P760000041,4 voies de transmission
CTLG-9001936_Catalogue - Produits et Systèmes INfluence.pdf,27,P760000044,P760000044,CE10435G
CTLG-9001936_Catalogue - Produits et Systèmes INfluence.pdf,27,P760000144,P760000144,CE10435G
CTLG-9001936_Catalogue - Produits et Systèmes INfluence.pdf,27,P760000042,P760000042,CE70051
CTLG-9001936_Catalogue - Produits et Systèmes INfluence.pdf,27,P760000142,P760000142,CE70051
CTLG-9001639_Catalogue - Produits et Systèmes CHUBB.pdf,117,670000010,670 000 010,BOITIER ISOLON
CTLG-9001936_Catalogue - Produits et Systèmes INfluence.pdf,27,P760000027,P760000027,P8800001+
CTLG-9001936_Catalogue - Produits et Systèmes INfluence.pdf,27,P760000127,P760000127,P8800001+
CTLG-9001936_Catalogue - Produits et Systèmes INfluence.pdf,28,600200300,600200300,MODULE DE PUISSANCE V3
CTLG-9001936_Catalogue - Produits et Systèmes INfluence.pdf,28,450040006,450040006,MODULE MAP
CTLG-9001639_Catalogue - Produits et Systèmes CHUBB.pdf,117,408503265,408 503 265,M.A.P . BOÎTIER IP66
CTLG-9001639_Catalogue - Produits et Systèmes CHUBB.pdf,117,600200001,600 200 001,•  Accessoire pour raccordement
CTLG-9001639_Catalogue - Produits et Systèmes CHUBB.pdf,117,600200028,600 200 028,•  Accessoire pour raccordement
CTLG-9001639_Catalogue - Produits et Systèmes CHUBB.pdf,117,690000015,690 000 015,MODULE INTERFACE 1 RELAIS RESONANCE
CTLG-9001936_Catalogue - Produits et Systèmes INfluence.pdf,28,690000115,690000115,MODULE 1 RELAIS DEPORTE
CTLG-9001936_Catalogue - Produits et Systèmes INfluence.pdf,28,450040013,450040013,MODULE DE PROTECTION SATC
CTLG-9001936_Catalogue - Produits et Systèmes INfluence.pdf,28,450020036,450020036,FILTRE DAS G
CTLG-9001936_Catalogue - Produits et Systèmes INfluence.pdf,28,P760000055,P760000055,IN.REP+ Evac P760000055
CTLG-9001936_Catalogue - Produits et Systèmes INfluence.pdf,28,P760000056,P760000056,IN.REP+ Evac/Mes P760000056
CTLG-9001936_Catalogue - Produits et Systèmes INfluence.pdf,28,P780000010,P780000010,INNOVA TRE P780000010
CTLG-9001936_Catalogue - Produits et Systèmes INfluence.pdf,28,P790000004,P790000004,OBTURATEUR IN
CTLG-9001936_Catalogue - Produits et Systèmes INfluence.pdf,28,690000009,690000009,BAIE 42U 600X600
CTLG-9001936_Catalogue - Produits et Systèmes INfluence.pdf,28,690000010,690000010,PORTE BAIE 42U
CTLG-9001936_Catalogue - Produits et Systèmes INfluence.pdf,29,P710000001,P710000001,INITIUM-I CAB-S ()
CTLG-9001936_Catalogue - Produits et Systèmes INfluence.pdf,29,415002049,415002049,Batteries ECS :  (x2)
CTLG-9001936_Catalogue - Produits et Systèmes INfluence.pdf,29,P710000002,P710000002,INITIUM-I 2F CAB-S ()
CTLG-9001936_Catalogue - Produits et Systèmes INfluence.pdf,30,P740000001,P740000001,INFLUENCE-I SANS UGA CAB-S ()
CTLG-9001936_Catalogue - Produits et Systèmes INfluence.pdf,30,P740000002,P740000002,INFLUENCE-I SANS UGA CAB-M ()
CTLG-9001936_Catalogue - Produits et Systèmes INfluence.pdf,30,P740000003,P740000003,INFLUENCE-I SANS UGA CAB-L ()
CTLG-9001936_Catalogue - Produits et Systèmes INfluence.pdf,30,P740000004,P740000004,INFLUENCE-I SANS UGA RACK ()
CTLG-9001936_Catalogue - Produits et Systèmes INfluence.pdf,31,P740000007,P740000007,INFLUENCE-I CAB-L ()
CTLG-9001936_Catalogue - Produits et Systèmes INfluence.pdf,31,P740000005,P740000005,INFLUENCE-I CAB-S ()
CTLG-9001936_Catalogue - Produits et Systèmes INfluence.pdf,31,P740000006,P740000006,INFLUENCE-I CAB-M ()
CTLG-9001936_Catalogue - Produits et Systèmes INfluence.pdf,31,P740000008,P740000008,INFLUENCE-I RACK ()
CTLG-9001936_Catalogue - Produits et Systèmes INfluence.pdf,32,P740000010,P740000010,INFLUENCE-I CAB-M 4F DIRECTE ()
CTLG-9001936_Catalogue - Produits et Systèmes INfluence.pdf,32,P740000011,P740000011,INFLUENCE-I CAB-M 8F DIRECTE ()
CTLG-9001936_Catalogue - Produits et Systèmes INfluence.pdf,32,P740000009,P740000009,INFLUENCE-IS CAB-L ()
CTLG-9001936_Catalogue - Produits et Systèmes INfluence.pdf,33,P720000001,P720000001,INITIUM-S 8F CAB-M ()
CTLG-9001936_Catalogue - Produits et Systèmes INfluence.pdf,33,P720000002,P720000002,INITIUM-S 8F CAB-L ()
CTLG-9001936_Catalogue - Produits et Systèmes INfluence.pdf,33,P720000003,P720000003,INITIUM-S 8F RACK ()
CTLG-9001936_Catalogue - Produits et Systèmes INfluence.pdf,34,P750000001,P750000001,INFLUENCE-S CAB-M ()
CTLG-9001936_Catalogue - Produits et Systèmes INfluence.pdf,34,P750000003,P750000003,INFLUENCE-S RACK ()
CTLG-9001936_Catalogue - Produits et Systèmes INfluence.pdf,34,P750000002,P750000002,INFLUENCE-S CAB-L ()
CTLG-9001639_Catalogue - Produits et Systèmes CHUBB.pdf,26,600000343,600 000 343,UTI Pack CAB-S V3
CTLG-9001639_Catalogue - Produits et Systèmes CHUBB.pdf,10,430140024CS,430 140 024 CS,ALARME TECHNIQUE
CTLG-9001639_Catalogue - Produits et Systèmes CHUBB.pdf,10,430140034CS,430 140 034 CS,Caractéristiques techniques
CTLG-9001639_Catalogue - Produits et Systèmes CHUBB.pdf,11,430140025CS,430 140 025 CS,ALARME TECHNIQUE
CTLG-9001639_Catalogue - Produits et Systèmes CHUBB.pdf,11,402120109,402 120 109,Caractéristiques techniques
CTLG-9001639_Catalogue - Produits et Systèmes CHUBB.pdf,14,643200001,643 200 001,Éclairage de sécurité - Services
CTLG-9001639_Catalogue - Produits et Systèmes CHUBB.pdf,14,643200003,643 200 003,Éclairage de sécurité - Services
CTLG-9001639_Catalogue - Produits et Systèmes CHUBB.pdf,14,643200002,643 200 002,Performances
CTLG-9001639_Catalogue - Produits et Systèmes CHUBB.pdf,14,643200004,643 200 004,INSA 3000
CTLG-9001639_Catalogue - Produits et Systèmes CHUBB.pdf,15,640000003,640 000 003,Détecteur optique de fumée collectif C.Scan+ O
CTLG-9001639_Catalogue - Produits et Systèmes CHUBB.pdf,44,640000006,640 000 006,Socle C.Scan+  √ √ √ √
CTLG-9001639_Catalogue - Produits et Systèmes CHUBB.pdf,15,627000008,627 000 008,Déclencheur manuel sans LED DM MCP1A-R910SF-A207-01
CTLG-9001639_Catalogue - Produits et Systèmes CHUBB.pdf,15,627000009,627 000 009,"Déclencheur manuel sans LED, avec couvercle DM MCP1A-R910SF-A207-01C"
CTLG-9001639_Catalogue - Produits et Systèmes CHUBB.pdf,15,627000011,627 000 011,Déclencheur manuel avec LED DM MCP2A-R910SF-A207-01
CTLG-9001639_Catalogue - Produits et Systèmes CHUBB.pdf,15,627000012,627 000 012,Déclencheur manuel avec LED et couvercle DM MCP2A-R910SF-A207-01C
CTLG-9001639_Catalogue - Produits et Systèmes CHUBB.pdf,108,670000007,670 000 007,RÉPÉTITEURS / FAD / MCO
CTLG-9001639_Catalogue - Produits et Systèmes CHUBB.pdf,19,446300035CS,446 300 035 CS,SDAD / DAC
CTLG-9001639_Catalogue - Produits et Systèmes CHUBB.pdf,19,640000109,640 000 109,Certification
CTLG-9001639_Catalogue - Produits et Systèmes CHUBB.pdf,19,640000007,640 000 007,C.SCAN M multicapteurs conv
CTLG-9001639_Catalogue - Produits et Systèmes CHUBB.pdf,19,640000008,640 000 008,C.SCAN O optique conv
CTLG-9001639_Catalogue - Produits et Systèmes CHUBB.pdf,19,640000009,640000009,C.SCAN T thermostatique conv
CTLG-9001639_Catalogue - Produits et Systèmes CHUBB.pdf,42,640000010,640 000 010,C.Scan TV  Détecteur thermovélocimétrique
CTLG-9001639_Catalogue - Produits et Systèmes CHUBB.pdf,42,640000011,640 000 011,Socle C.Scan  √ √ √ √
CTLG-9001639_Catalogue - Produits et Systèmes CHUBB.pdf,19,640000002,640 000 002,C.SCAN + M multicapteurs conv
CTLG-9001639_Catalogue - Produits et Systèmes CHUBB.pdf,44,640000004,640 000 004,C.Scan+ T  Détecteur thermostatique
CTLG-9001639_Catalogue - Produits et Systèmes CHUBB.pdf,44,640000005,640 000 005,C.Scan+ TV  Détecteur thermovélocimétrique
CTLG-9001639_Catalogue - Produits et Systèmes CHUBB.pdf,19,627000025,627 000 025,BCM MCP3A-R000SF-A207-03
CTLG-9001639_Catalogue - Produits et Systèmes CHUBB.pdf,19,627000026,627 000 026,BCM MCP3A-R000SF-A207-03C
CTLG-9001639_Catalogue - Produits et Systèmes CHUBB.pdf,19,427200216,427 200 216,DM A clé ré-armement DAD
CTLG-9001639_Catalogue - Produits et Systèmes CHUBB.pdf,19,446300036CS,446 300 036 CS,Kit DAD secouru Chubb
CTLG-9001639_Catalogue - Produits et Systèmes CHUBB.pdf,19,446300037CS,446 300 037 CS,Kit DAD secouru 2 Chubb
CTLG-9001639_Catalogue - Produits et Systèmes CHUBB.pdf,20,630140017CS,630 140 017 CS,ÉQUIPEMENTS D'ALARME
CTLG-9001639_Catalogue - Produits et Systèmes CHUBB.pdf,20,630140018CS,630 140 018 CS,Certification
CTLG-9001639_Catalogue - Produits et Systèmes CHUBB.pdf,20,627000005,627 000 005,DM MCP3A-R000SF-A207-01
CTLG-9001639_Catalogue - Produits et Systèmes CHUBB.pdf,20,627000006,627 000 006,DM MCP3A-R000SF-A207-01C
CTLG-9001639_Catalogue - Produits et Systèmes CHUBB.pdf,20,627000015,627 000 015,DM WCP3A-R000SF-A207-01
CTLG-9001639_Catalogue - Produits et Systèmes CHUBB.pdf,20,300520000,300 520 000,Module de télécommande TMS  009
CTLG-9001639_Catalogue - Produits et Systèmes CHUBB.pdf,20,640100126,640 100 126,DS ROLP AB socle bas / DS ROLP AB socle haut  / 640 100 127
CTLG-9001639_Catalogue - Produits et Systèmes CHUBB.pdf,20,640100127,640 100 127,DS ROLP AB socle bas / DS ROLP AB socle haut 640 100 126 /
CTLG-9001639_Catalogue - Produits et Systèmes CHUBB.pdf,20,640100130,640 100 130,DS / DL ROLP VAD
CTLG-9001639_Catalogue - Produits et Systèmes CHUBB.pdf,20,627000122,627 000 122,DVAF Solista rouge mur socle bas
CTLG-9001639_Catalogue - Produits et Systèmes CHUBB.pdf,20,627000123,627 000 123,DVAF Solista rouge mur socle haut
CTLG-9001639_Catalogue - Produits et Systèmes CHUBB.pdf,20,627000124,627 000 124,DVAF Solista rouge plafond socle bas
CTLG-9001639_Catalogue - Produits et Systèmes CHUBB.pdf,20,627000125,627 000 125,DVAF Solista rouge plafond socle haut
CTLG-9001639_Catalogue - Produits et Systèmes CHUBB.pdf,21,630140022CS,630 140 022 CS,des personnes en situation de handicap.
CTLG-9001639_Catalogue - Produits et Systèmes CHUBB.pdf,21,630140020CS,630 140 020 CS,des personnes en situation de handicap.
CTLG-9001639_Catalogue - Produits et Systèmes CHUBB.pdf,21,630140015CS,630 140 015 CS,
CTLG-9001639_Catalogue - Produits et Systèmes CHUBB.pdf,23,630140023CS,630 140 023 CS,SON'ECLA BAAS Sa NFS V Chubb
CTLG-9001639_Catalogue - Produits et Systèmes CHUBB.pdf,23,630140021CS,630 140 021 CS,SON'ECLA BAAS Sa Me NFS V Chubb
CTLG-9001639_Catalogue - Produits et Systèmes CHUBB.pdf,22,630140016CS,630 140 016 CS,La version lumineuse seule permet de
CTLG-9001639_Catalogue - Produits et Systèmes CHUBB.pdf,22,630140030CS,630 140 030 CS,- Courant de coupure : 1 A.
CTLG-9001639_Catalogue - Produits et Systèmes CHUBB.pdf,22,630140032CS,630 140 032 CS,- Courant de coupure : 1 A.
CTLG-9001639_Catalogue - Produits et Systèmes CHUBB.pdf,22,630140031CS,630 140 031 CS,
CTLG-9001639_Catalogue - Produits et Systèmes CHUBB.pdf,24,600000001,600 000 001,"UTC Pack 2 Evac  2 zones de détection collectives, 1 UGA avec 1 zone de diffusion d’alarme et 1 alimentation"
CTLG-9001639_Catalogue - Produits et Systèmes CHUBB.pdf,24,600000002,600 000 002,"UTC Pack 4 Evac  4 zones de détection collectives, 1 UGA avec 1 zone de diffusion d’alarme et 1 alimentation"
CTLG-9001639_Catalogue - Produits et Systèmes CHUBB.pdf,24,600000084,600 000 084,"UTC Pack 2ZD Evac/2 Fonc Evol.  Deux zones de détection collective, 1 UGA avec 1 zone de diffusion d’alarme, 2 fonctions de mise"
CTLG-9001639_Catalogue - Produits et Systèmes CHUBB.pdf,24,600000085,600 000 085,"UTC Pack 4ZD Evac/2 Fonc Evol.  Quatre zones de détection collective, 1 UGA avec 1 zone de diffusion d’alarme, 2 fonctions de"
CTLG-9001639_Catalogue - Produits et Systèmes CHUBB.pdf,25,600000206,600 000 206,"UTC Com 8 CAB-S V2  8 zones de détection collectives, 1 UGA avec 1 zone de diffusion d’alarme, 2 alimentations secourues"
CTLG-9001639_Catalogue - Produits et Systèmes CHUBB.pdf,25,600000209,600 000 209,"UTC Com  8 CAB-M V2  8 zones de détection collectives, 1 UGA avec 1 zone de diffusion d’alarme et de 2 alimentations secou-"
CTLG-9001639_Catalogue - Produits et Systèmes CHUBB.pdf,25,600000210,600 000 210,"UTC Com 16 CAB-M V2  16 zones de détection collectives, 1 UGA avec 1 zone de diffusion d’alarme, 2 alimentations secourues"
CTLG-9001639_Catalogue - Produits et Systèmes CHUBB.pdf,25,600000212,600 000 212,"UTC Com  8 CAB-L V2  8 zones de détection collectives, 1 UGA avec 1 zone de diffusion d’alarme, 2 alimentations secourues"
CTLG-9001639_Catalogue - Produits et Systèmes CHUBB.pdf,25,600000215,600 000 215,"UTC Com  8 Rack V2  8 zones de détection collectives, 1 UGA avec 1 zone de diffusion d’alarme, 2 alimentations secourues"
CTLG-9001639_Catalogue - Produits et Systèmes CHUBB.pdf,25,600000270,600 000 270,"CAB-S  V2  8 zones de détection collective, 1 UGA avec 1 zone de diffusion d’alarme, 2 fonctions de mise en sécurité et 2"
CTLG-9001639_Catalogue - Produits et Systèmes CHUBB.pdf,25,600000271,600 000 271,"CAB-S  V2  8 zones de détection collective, 1 UGA avec 1 zone de diffusion d’alarme, 3 fonctions de mise en sécurité et 2"
CTLG-9001639_Catalogue - Produits et Systèmes CHUBB.pdf,25,600000272,600 000 272,CAB-S  V2
CTLG-9001639_Catalogue - Produits et Systèmes CHUBB.pdf,26,600000359,600 000 359,CAB-S V3
CTLG-9001639_Catalogue - Produits et Systèmes CHUBB.pdf,26,600000360,600 000 360,CAB-S V3
CTLG-9001639_Catalogue - Produits et Systèmes CHUBB.pdf,26,600000361,600 000 361,CAB-S V3
CTLG-9001639_Catalogue - Produits et Systèmes CHUBB.pdf,27,600000375,600 000 375,UTI Com CAB-S sans UGA V3
CTLG-9001639_Catalogue - Produits et Systèmes CHUBB.pdf,27,600000376,600 000 376,UTI Com CAB-M sans UGA V3
CTLG-9001639_Catalogue - Produits et Systèmes CHUBB.pdf,27,600000377,600 000 377,UTI Com CAB-L sans UGA V3
CTLG-9001639_Catalogue - Produits et Systèmes CHUBB.pdf,27,600000378,600 000 378,UTI Com Rack sans UGA V3
CTLG-9001639_Catalogue - Produits et Systèmes CHUBB.pdf,27,600000316,600 000 316,UTI Com CAB-S V3
CTLG-9001639_Catalogue - Produits et Systèmes CHUBB.pdf,28,600000319,600 000 319,UTI Com  CAB-M V3
CTLG-9001639_Catalogue - Produits et Systèmes CHUBB.pdf,28,600000320,600 000 320,UTI Com CAB-L V3
CTLG-9001639_Catalogue - Produits et Systèmes CHUBB.pdf,28,600000321,600 000 321,UTI Com Rack V3
CTLG-9001639_Catalogue - Produits et Systèmes CHUBB.pdf,28,600000379,600 000 379,CAB-S V3
CTLG-9001639_Catalogue - Produits et Systèmes CHUBB.pdf,28,600000380,600 000 380,CAB-S V3
CTLG-9001639_Catalogue - Produits et Systèmes CHUBB.pdf,28,600000381,600 000 381,CAB-S V3
CTLG-9001639_Catalogue - Produits et Systèmes CHUBB.pdf,28,600000328,600 000 328,CAB-M CF16 V3
CTLG-9001639_Catalogue - Produits et Systèmes CHUBB.pdf,28,600000329,600 000 329,CAB-L  CF16 V3
CTLG-9001639_Catalogue - Produits et Systèmes CHUBB.pdf,28,600000334,600 000 334,CAB-M non équipé V3
CTLG-9001639_Catalogue - Produits et Systèmes CHUBB.pdf,28,600000335,600 000 335,CAB-L non équipé V3
CTLG-9001639_Catalogue - Produits et Systèmes CHUBB.pdf,30,600000087,600 000 087,"CATB  4 zones de détection collectives, 1 zone de diffusion d’alarme, 2 fonctions de mise en sécurité et"
CTLG-9001639_Catalogue - Produits et Systèmes CHUBB.pdf,30,600000088,600 000 088,"CATB  4 zones de détection collectives, 1 zone de diffusion d’alarme, 4 fonctions de mise en sécurité et"
CTLG-9001639_Catalogue - Produits et Systèmes CHUBB.pdf,31,600000289,600 000 289,CAB-S CATB V2
CTLG-9001639_Catalogue - Produits et Systèmes CHUBB.pdf,31,600000290,600 000 290,CAB-S CATB V2
CTLG-9001639_Catalogue - Produits et Systèmes CHUBB.pdf,31,600000241,600 000 241,"CATB V2          8 zones de détection collectives pour déclencheurs manuels, 1 zone de diffusion d’alarme et"
CTLG-9001639_Catalogue - Produits et Systèmes CHUBB.pdf,32,600000330,600 000 330,équipé CF V3  Non équipé de carte de commande et de signalisation. Coffret CAB-S.
CTLG-9001639_Catalogue - Produits et Systèmes CHUBB.pdf,32,600000331,600 000 331,Non équipé de carte de commande et de signalisation. Coffret CAB-M.
CTLG-9001639_Catalogue - Produits et Systèmes CHUBB.pdf,32,600000324,600 000 324,Equipé de la carte de commande et de signalisation CF16F pour 16 fonctions indépendantes. Coffret CAB-M.
CTLG-9001639_Catalogue - Produits et Systèmes CHUBB.pdf,32,600000332,600 000 332,Non équipé de carte de commande et de signalisation. Coffret CAB-L.
CTLG-9001639_Catalogue - Produits et Systèmes CHUBB.pdf,32,600000333,600 000 333,"Non équipé de carte de commande et de signalisation. Rack 19"" / 4U."
CTLG-9001639_Catalogue - Produits et Systèmes CHUBB.pdf,34,110114130,110 114 130,E 85
CTLG-9001639_Catalogue - Produits et Systèmes CHUBB.pdf,34,100125129,100 125 129,F  145
CTLG-9001639_Catalogue - Produits et Systèmes CHUBB.pdf,34,115140144,115 140 144,G  160
CTLG-9001639_Catalogue - Produits et Systèmes CHUBB.pdf,40,640000965,640 000 965,DAAF 29-FR  Pile Alcaline 1 an
CTLG-9001639_Catalogue - Produits et Systèmes CHUBB.pdf,40,640000103,640 000 103,DAAF 29 H-FR  Pile Alcaline 1 an - bouton HUSH
CTLG-9001639_Catalogue - Produits et Systèmes CHUBB.pdf,40,640000102,640 000 102,DAAF 29 LD-FR  Pile Lithium 5 ans
CTLG-9001639_Catalogue - Produits et Systèmes CHUBB.pdf,40,640000104,640 000 104,DAAF 29 HLD-FR  Pile Lithium 5 ans - bouton HUSH
CTLG-9001639_Catalogue - Produits et Systèmes CHUBB.pdf,40,640000108,640 000 108,10Y29  Pile Lithium 10 ans - bouton HUSH
CTLG-9001639_Catalogue - Produits et Systèmes CHUBB.pdf,40,640000135,640 000 135,DAACO 10 LLCO  Pile Lithium 10 ans
CTLG-9001639_Catalogue - Produits et Systèmes CHUBB.pdf,40,640000136,640 000 136,DAACO 10 LLDCO  Pile Lithium 10 ans + afficheur
CTLG-9001639_Catalogue - Produits et Systèmes CHUBB.pdf,50,444000026,444 000 026,Indicateur d'action visuel standard IA 2000  √ √ √ √ √ √ √
CTLG-9001639_Catalogue - Produits et Systèmes CHUBB.pdf,50,444000027,444 000 027,Indicateur d'action visuel et sonore IA 2000-B  √ √ √ √ √ √ √
CTLG-9001639_Catalogue - Produits et Systèmes CHUBB.pdf,50,011444000,011 444 000,Indicateur d'action visuel encastré IA  015 √ √ √ √ √ √ √
CTLG-9001639_Catalogue - Produits et Systèmes CHUBB.pdf,50,013444000,013 444 000,Indicateur d'action visuel étanche IA  025 √ √ √ √ √ √ √
CTLG-9001639_Catalogue - Produits et Systèmes CHUBB.pdf,50,440190009,440 190 009,Collerette d'encastrement CES3+  √ √ √ √ √ √ √
CTLG-9001639_Catalogue - Produits et Systèmes CHUBB.pdf,50,440190008,440 190 008,Boîtier de montage en saillie BMS3+  √ √ √ √ √ √ √
CTLG-9001639_Catalogue - Produits et Systèmes CHUBB.pdf,50,440100095,440 100 095,Grille de protection mécanique  √ √ √ √ √ √ √
CTLG-9001639_Catalogue - Produits et Systèmes CHUBB.pdf,50,440100096,440 100 096,Protection anti-vandalisme  √ √ √ √ √ √ √
CTLG-9001639_Catalogue - Produits et Systèmes CHUBB.pdf,42,440100293,440 100 293,Détecteur de gaine DG13 V2  √ √ - -
CTLG-9001639_Catalogue - Produits et Systèmes CHUBB.pdf,50,640000057,640 000 057,Support inclinable pour détecteur  √ √ √ √ √ √ √
CTLG-9001639_Catalogue - Produits et Systèmes CHUBB.pdf,42,640100026,640 100 026,Porte étiquette 40 x 20 socle (x25)  √ √ √ √
CTLG-9001639_Catalogue - Produits et Systèmes CHUBB.pdf,44,440100035,440 100 035,Socle haut S3/C C.Scan+  √ √ √ √
CTLG-9001639_Catalogue - Produits et Systèmes CHUBB.pdf,50,440100250,440 100 250,Embase anti-ruissellement SS Socle+  √ √ √ √ √ √ √
CTLG-9001639_Catalogue - Produits et Systèmes CHUBB.pdf,50,640000026,640 000 026,Porte étiquette 40 x 20 socle (x25)  √ √ √ √ √ √ √
CTLG-9001639_Catalogue - Produits et Systèmes CHUBB.pdf,45,650100004,650 100 004,SGWE100  Expandeur radio pour SG Scan
CTLG-9001639_Catalogue - Produits et Systèmes CHUBB.pdf,45,650100003,650 100 003,SGCWE100  Interface radio pour SG Scan
CTLG-9001639_Catalogue - Produits et Systèmes CHUBB.pdf,46,640100105,640 100 105,Détecteurs collectifs
CTLG-9001639_Catalogue - Produits et Systèmes CHUBB.pdf,46,640100107,640 100 107,SG100
CTLG-9001639_Catalogue - Produits et Systèmes CHUBB.pdf,51,627100010,627 100 010,Pile Duracell CR123A (x25)
CTLG-9001639_Catalogue - Produits et Systèmes CHUBB.pdf,46,627100008,627 100 008,Pile CR 2032A  √
CTLG-9001639_Catalogue - Produits et Systèmes CHUBB.pdf,47,640000067,640 000 067,I.Scan+ O ICC
CTLG-9001639_Catalogue - Produits et Systèmes CHUBB.pdf,47,640000066,640 000 066,Détecteur optique de fumées
CTLG-9001639_Catalogue - Produits et Systèmes CHUBB.pdf,48,640000038,640 000 038,Laser.Scan  Détecteur optique de fumées Laser
CTLG-9001639_Catalogue - Produits et Systèmes CHUBB.pdf,48,640000068,640 000 068,test détecteur de fumées.
CTLG-9001639_Catalogue - Produits et Systèmes CHUBB.pdf,49,640000075,640 000 075,DÉTECTION ET MISE EN SÉCURITÉ
CTLG-9001639_Catalogue - Produits et Systèmes CHUBB.pdf,49,640000077,640 000 077,I.Scan+ T 78 ICC
CTLG-9001639_Catalogue - Produits et Systèmes CHUBB.pdf,50,640000073,640 000 073,Détecteurs adressés
CTLG-9001639_Catalogue - Produits et Systèmes CHUBB.pdf,50,640000079,640 000 079,Socle I.Scan+ blanc  WH √ √ √ √ √ √ √
CTLG-9001639_Catalogue - Produits et Systèmes CHUBB.pdf,50,440100294,440 100 294,Détecteur de gaine DG13 adressé V2  √ √ √ √ - - -
CTLG-9001639_Catalogue - Produits et Systèmes CHUBB.pdf,92,640000090,640 000 090,Déclencheurs manuels radio adressés
CTLG-9001639_Catalogue - Produits et Systèmes CHUBB.pdf,51,640000087,640 000 087,Certification
CTLG-9001639_Catalogue - Produits et Systèmes CHUBB.pdf,51,640000099,640 000 099,Socle R.Scan+ B501RF (pour ME200GRFE)
CTLG-9001639_Catalogue - Produits et Systèmes CHUBB.pdf,53,640000037,640 000 037,Socle SV-S95/Ex  √
CTLG-9001639_Catalogue - Produits et Systèmes CHUBB.pdf,53,690300005,690 300 005,Module interface SI V2  √
CTLG-9001639_Catalogue - Produits et Systèmes CHUBB.pdf,55,640000030,640 000 030,Detec. 6500 R Conv  Détecteur optique linéaire de fumée collectif type 6500 R
CTLG-9001639_Catalogue - Produits et Systèmes CHUBB.pdf,55,640000031,640 000 031,Detec. 6500 RS Conv/Test  Détecteur optique linéaire de fumée collectif avec test intégré type 6500 RS
CTLG-9001639_Catalogue - Produits et Systèmes CHUBB.pdf,55,640000040,640 000 040,Conv 70/100M MIAT
CTLG-9001639_Catalogue - Produits et Systèmes CHUBB.pdf,55,640000041,640 000 041,Conv 70/100M RTS-KEY
CTLG-9001639_Catalogue - Produits et Systèmes CHUBB.pdf,55,640000042,640 000 042,Conv/Test 70/100RTS
CTLG-9001639_Catalogue - Produits et Systèmes CHUBB.pdf,55,640000043,640 000 043,Conv/Test 10/70 MIAT
CTLG-9001639_Catalogue - Produits et Systèmes CHUBB.pdf,55,640000044,640 000 044,Conv/Test 10/70 RTS
CTLG-9001639_Catalogue - Produits et Systèmes CHUBB.pdf,55,640000045,640 000 045,Conv/Test 70/100MIA
CTLG-9001639_Catalogue - Produits et Systèmes CHUBB.pdf,55,640000046,640 000 046,Conv 10/70M MIAT
CTLG-9001639_Catalogue - Produits et Systèmes CHUBB.pdf,55,640000047,640 000 047,Conv 70/100M RTS-KEY
CTLG-9001639_Catalogue - Produits et Systèmes CHUBB.pdf,56,640000032,640 000 032,Detec. 6500 F Adressé  Détecteur optique linéaire de fumée adressable type 6500 F
CTLG-9001639_Catalogue - Produits et Systèmes CHUBB.pdf,56,640000033,640 000 033,Detec. 6500 FS Adressé/Test  Détecteur optique linéaire de fumée adressable avec test intégré type 6500 FS
CTLG-9001639_Catalogue - Produits et Systèmes CHUBB.pdf,56,640000051,640 000 051,Det 6500 FS Ad/Test 10/70M  Détecteur optique linéaire de fumée adressable avec test intégré type 6500 FS
CTLG-9001639_Catalogue - Produits et Systèmes CHUBB.pdf,56,640000052,640 000 052,Det 6500 F Adressé 70/100M  Détecteur optique linéaire de fumée adressable type 6500 F
CTLG-9001639_Catalogue - Produits et Systèmes CHUBB.pdf,56,640000053,640 000 053,Adressé 10/70M RTS KEY
CTLG-9001639_Catalogue - Produits et Systèmes CHUBB.pdf,56,640000054,640 000 054,Ad/Test 10/70M RTS
CTLG-9001639_Catalogue - Produits et Systèmes CHUBB.pdf,56,640000055,640 000 055,Adressé 70/100M RTS KEY
CTLG-9001639_Catalogue - Produits et Systèmes CHUBB.pdf,56,640000056,640 000 056,Ad/Test 70/100M RTS
CTLG-9001639_Catalogue - Produits et Systèmes CHUBB.pdf,57,640100021,640 100 021,Les accessoires pour détecteurs optiques linéaires de fumée
CTLG-9001639_Catalogue - Produits et Systèmes CHUBB.pdf,57,640100020,640 100 020,Les accessoires pour détecteurs optiques linéaires de fumée
CTLG-9001639_Catalogue - Produits et Systèmes CHUBB.pdf,57,640100019,640 100 019,
CTLG-9001639_Catalogue - Produits et Systèmes CHUBB.pdf,57,640100025,640 100 025,
CTLG-9001639_Catalogue - Produits et Systèmes CHUBB.pdf,57,640100024,640 100 024,BEAM SMK Embase 6500
CTLG-9001639_Catalogue - Produits et Systèmes CHUBB.pdf,58,640400001,640 400 001,Récepteur OSID 10
CTLG-9001639_Catalogue - Produits et Systèmes CHUBB.pdf,58,640400002,640 400 002,Récepteur OSID 45
CTLG-9001639_Catalogue - Produits et Systèmes CHUBB.pdf,58,640400003,640 400 003,Récepteur OSID 90
CTLG-9001639_Catalogue - Produits et Systèmes CHUBB.pdf,58,640400012,640 400 012,Pile pour émetteur OSID
CTLG-9001639_Catalogue - Produits et Systèmes CHUBB.pdf,58,640400010,640 400 010,Coffret IP66 récepteur OSID
CTLG-9001639_Catalogue - Produits et Systèmes CHUBB.pdf,58,640400011,640 400 011,Coffret IP66 émetteur OSID
CTLG-9001639_Catalogue - Produits et Systèmes CHUBB.pdf,58,640400016,640 400 016,Films anticondensation OSID (X10)
CTLG-9001639_Catalogue - Produits et Systèmes CHUBB.pdf,58,640400017,640 400 017,Films anticondensation Coffret IP66 OSID (X10)
CTLG-9001639_Catalogue - Produits et Systèmes CHUBB.pdf,58,640400013,640 400 013,Grille de protection OSID
CTLG-9001639_Catalogue - Produits et Systèmes CHUBB.pdf,58,640400019,640 400 019,Boîtier de réarmement 6500RTS key
CTLG-9001639_Catalogue - Produits et Systèmes CHUBB.pdf,58,640400007,640 400 007,Kit installation OSID
CTLG-9001639_Catalogue - Produits et Systèmes CHUBB.pdf,58,640400015,640 400 015,Outil laser d'alignement OSID
CTLG-9001639_Catalogue - Produits et Systèmes CHUBB.pdf,58,640400014,640 400 014,"Câble FTDI 1,5 m OSID"
CTLG-9001639_Catalogue - Produits et Systèmes CHUBB.pdf,58,640400005,640 400 005,Émetteur OSE-SPW STD
CTLG-9001639_Catalogue - Produits et Systèmes CHUBB.pdf,58,640400006,640 400 006,Émetteur OSE-HPW PWR
CTLG-9001639_Catalogue - Produits et Systèmes CHUBB.pdf,58,640400004,640 400 004,Émetteur OSE-SP pile
CTLG-9001639_Catalogue - Produits et Systèmes CHUBB.pdf,61,440100152,440 100 152,DÉTECTION ET MISE EN SÉCURITÉ
CTLG-9001639_Catalogue - Produits et Systèmes CHUBB.pdf,61,440100137,440 100 137,DÉTECTION ET MISE EN SÉCURITÉ
CTLG-9001639_Catalogue - Produits et Systèmes CHUBB.pdf,61,440100138,440 100 138,VESDA Laser Focus 250
CTLG-9001639_Catalogue - Produits et Systèmes CHUBB.pdf,62,440100133,440 100 133,VESDA Laser Plus NF seul  Détecteur par aspiration pour la surveillance de zone jusqu'à 1600 m² type VESDA LASER PLUS
CTLG-9001639_Catalogue - Produits et Systèmes CHUBB.pdf,62,440100132,440 100 132,+ afficheur  Détecteur par aspiration pour la surveillance de zone jusqu'à 1600 m² type VESDA LASER PLUS
CTLG-9001639_Catalogue - Produits et Systèmes CHUBB.pdf,62,440100131,440 100 131,+ prog + afficheur  Détecteur par aspiration pour la surveillance de zone jusqu'à 1600 m² type VESDA LASER PLUS
CTLG-9001639_Catalogue - Produits et Systèmes CHUBB.pdf,62,440100116,440 100 116,Les accessoires pour VESDA Laser Plus
CTLG-9001639_Catalogue - Produits et Systèmes CHUBB.pdf,62,440100118,440 100 118,Boîtier programmateur pour VLP
CTLG-9001639_Catalogue - Produits et Systèmes CHUBB.pdf,62,440100117,440 100 117,réseau des modules d'affichage déporté.
CTLG-9001639_Catalogue - Produits et Systèmes CHUBB.pdf,62,440100154,440 100 154,Boîtier afficheur pour VLP
CTLG-9001639_Catalogue - Produits et Systèmes CHUBB.pdf,63,440100166,440 100 166,• 30 VCC NO/NF.
CTLG-9001639_Catalogue - Produits et Systèmes CHUBB.pdf,63,440100251,440 100 251,• 30 VCC NO/NF.
CTLG-9001639_Catalogue - Produits et Systèmes CHUBB.pdf,63,440100252,440 100 252,VESDA Laser Scanner
CTLG-9001639_Catalogue - Produits et Systèmes CHUBB.pdf,64,440100253,440 100 253,ETBU-100 (1 tube)  Soufflage pour 1 tube
CTLG-9001639_Catalogue - Produits et Systèmes CHUBB.pdf,64,440100254,440 100 254,ETBU-200 (2 tubes)  Soufflage pour 2 tubes
CTLG-9001639_Catalogue - Produits et Systèmes CHUBB.pdf,64,440100255,440 100 255,ETBU-300 (3 tubes)  Soufflage pour 3 tubes
CTLG-9001639_Catalogue - Produits et Systèmes CHUBB.pdf,64,440100256,440 100 256,ETBU-400 (4 tubes)  Soufflage pour 4 tubes
CTLG-9001639_Catalogue - Produits et Systèmes CHUBB.pdf,64,440102936,440 102 936,Filtre en ligne  Filtre en ligne à insérer sur les réseaux de XXXXX
CTLG-9001639_Catalogue - Produits et Systèmes CHUBB.pdf,64,440100981,440 100 981,Tube 25 mm (3m)  Tube ABS rouge pour réseaux Multiponctuels
CTLG-9001639_Catalogue - Produits et Systèmes CHUBB.pdf,64,440100982,440 100 982,Manchon 25 mm  Manchon : permet de raccorder des tubes ABS
CTLG-9001639_Catalogue - Produits et Systèmes CHUBB.pdf,64,400100985,400 100 985,Coude 90 o 25 mm - Grand rayon  Coude 90 o : permet de raccorder des tubes ABS
CTLG-9001639_Catalogue - Produits et Systèmes CHUBB.pdf,64,440101005,440 101 005,Courbe flexible 30 cm  Courbe flexible rayon 30 cm : permet de raccorder des tubes ABS
CTLG-9001639_Catalogue - Produits et Systèmes CHUBB.pdf,64,440100167,440 100 167,Accessoires détecteurs à aspiration
CTLG-9001639_Catalogue - Produits et Systèmes CHUBB.pdf,64,440100168,440 100 168,VESDA VLI-88000-NF
CTLG-9001639_Catalogue - Produits et Systèmes CHUBB.pdf,65,440100156,440 100 156,Tuyau flexible 1 m  Tuyau flexible : permet de raccorder des tubes ABS
CTLG-9001639_Catalogue - Produits et Systèmes CHUBB.pdf,65,440100987,440 100 987,Bouchon 25 mm  Bouchon : permet d’obturer des tubes ABS
CTLG-9001639_Catalogue - Produits et Systèmes CHUBB.pdf,65,440100988,440 100 988,Té 25 mm  Té égal : permet de raccorder des tubes ABS
CTLG-9001639_Catalogue - Produits et Systèmes CHUBB.pdf,65,440100157,440 100 157,Collier  Collier de fixation : permet de fixer des tubes ABS
CTLG-9001639_Catalogue - Produits et Systèmes CHUBB.pdf,65,440100158,440 100 158,Té 25/8 mm  Té 25 mm avec dérivation 8 mm : permet de raccorder des tubes capillaires de 8 mm
CTLG-9001639_Catalogue - Produits et Systèmes CHUBB.pdf,65,440100970,440 100 970,Capillaire 8 mm (100 m)  Tube capillaire
CTLG-9001639_Catalogue - Produits et Systèmes CHUBB.pdf,65,440100164,440 100 164,Capillaire 8 mm (2 m)  Tube capillaire
CTLG-9001639_Catalogue - Produits et Systèmes CHUBB.pdf,65,440100165,440 100 165,Kit conique 8 mm  Kit conique 8 mm
CTLG-9001639_Catalogue - Produits et Systèmes CHUBB.pdf,65,440100159,440 100 159,Embout capillaire prélèvement  Embout de capillaire 8 mm avec point de prélèvement (ne comprend pas le tube capillaire)
CTLG-9001639_Catalogue - Produits et Systèmes CHUBB.pdf,65,440100160,440 100 160,Embout conique 8 mm  Embout conique pour tube capillaire de 8 mm avec écrou
CTLG-9001639_Catalogue - Produits et Systèmes CHUBB.pdf,65,440100161,440 100 161,Embout plat 8 mm avec écrou  Embout plat pour tube capillaire de 8 mm avec écrou
CTLG-9001639_Catalogue - Produits et Systèmes CHUBB.pdf,66,443200902,443 200 902,DLD 2000 68 °C EPC  Détecteur linéaire de température type DLD 2000 68° C EPC
CTLG-9001639_Catalogue - Produits et Systèmes CHUBB.pdf,66,443200016,443 200 016,DLD 2000 68 °C EPR  Détecteur linéaire de température type DLD 2000 68 °C EPR
CTLG-9001639_Catalogue - Produits et Systèmes CHUBB.pdf,66,443200001,443 200 001,DLD 2000 88 °C EPC  Détecteur linéaire de température type DLD 2000 88 °C EPC
CTLG-9001639_Catalogue - Produits et Systèmes CHUBB.pdf,66,443200020,443 200 020,DLD 2000 88 °C XCR  Détecteur linéaire de température type DLD 2000 88 °C XCR
CTLG-9001639_Catalogue - Produits et Systèmes CHUBB.pdf,66,443200017,443 200 017,DLD 2000 88 °C EPR  Détecteur linéaire de température type DLD 2000 88 °C EPR
CTLG-9001639_Catalogue - Produits et Systèmes CHUBB.pdf,66,443200901,443 200 901,DLD 2000 138 °C XCR  Détecteur linéaire de température type DLD 2000 138 °C XCR
CTLG-9001639_Catalogue - Produits et Systèmes CHUBB.pdf,66,443200018,443 200 018,DLD 2000 138 °C EPR  Détecteur linéaire de température type DLD 2000 138 °C EPR
CTLG-9001639_Catalogue - Produits et Systèmes CHUBB.pdf,66,443200015,443 200 015,DLD 2000 180 °C EPC  Détecteur linéaire de température type DLD 2000 180 °C EPC
CTLG-9001639_Catalogue - Produits et Systèmes CHUBB.pdf,66,443200019,443 200 019,DLD 2000 180 °C XCR  Détecteur linéaire de température type DLD 2000 180 °C XCR
CTLG-9001639_Catalogue - Produits et Systèmes CHUBB.pdf,66,430250900,430 250 900,Boîtier début de ligne
CTLG-9001639_Catalogue - Produits et Systèmes CHUBB.pdf,66,430250910,430 250 910,Boîtier intermédiaire
CTLG-9001639_Catalogue - Produits et Systèmes CHUBB.pdf,66,430250920,430 250 920,Boîtier fin de ligne
CTLG-9001639_Catalogue - Produits et Systèmes CHUBB.pdf,66,430200023,430 200 023,Bride fixation DLD 2000
CTLG-9001639_Catalogue - Produits et Systèmes CHUBB.pdf,66,430200024,430 200 024,CLIP DLD 2000
CTLG-9001639_Catalogue - Produits et Systèmes CHUBB.pdf,66,430200025,430 200 025,CLIP chemin de câble DLD 2000
CTLG-9001639_Catalogue - Produits et Systèmes CHUBB.pdf,67,640300017,640 300 017,pose de la fibre et d'un contrôleur DTS.
CTLG-9001639_Catalogue - Produits et Systèmes CHUBB.pdf,67,640300019,640 300 019,Fibre standard (1 m)
CTLG-9001639_Catalogue - Produits et Systèmes CHUBB.pdf,67,640300025,640 300 025,Terminaison fibre optique (x1)
CTLG-9001639_Catalogue - Produits et Systèmes CHUBB.pdf,67,640300022,640 300 022,Enrouleur câble
CTLG-9001639_Catalogue - Produits et Systèmes CHUBB.pdf,68,640300013,640 300 013,Les accessoires pour fibre optique
CTLG-9001639_Catalogue - Produits et Systèmes CHUBB.pdf,68,640300016,640 300 016,Boîtiers permettant d'assurer la jonction entre les brins de deux fibres optique
CTLG-9001639_Catalogue - Produits et Systèmes CHUBB.pdf,68,640300015,640 300 015,Capot      Cassette Epissure     Couvercle
CTLG-9001639_Catalogue - Produits et Systèmes CHUBB.pdf,68,640300014,640 300 014,• Utiliser l'outil de pose cheville () pour perçage du support et expansion de la cheville.
CTLG-9001639_Catalogue - Produits et Systèmes CHUBB.pdf,69,640300001,640 300 001,Contrôleur N4387A (1 km)
CTLG-9001639_Catalogue - Produits et Systèmes CHUBB.pdf,69,640300002,640 300 002,Contrôleur N4387A (2 km)
CTLG-9001639_Catalogue - Produits et Systèmes CHUBB.pdf,69,640300003,640 300 003,Contrôleur N4387A (3 km)
CTLG-9001639_Catalogue - Produits et Systèmes CHUBB.pdf,69,640300004,640 300 004,Contrôleur N4387A (4 km)
CTLG-9001639_Catalogue - Produits et Systèmes CHUBB.pdf,69,640300005,640 300 005,Contrôleur N4387A (8 km)
CTLG-9001639_Catalogue - Produits et Systèmes CHUBB.pdf,69,640300026,640 300 026,Contrôleur ATEX N4387A (1 km)
CTLG-9001639_Catalogue - Produits et Systèmes CHUBB.pdf,69,640300027,640 300 027,Contrôleur ATEX N4387A (2 km)
CTLG-9001639_Catalogue - Produits et Systèmes CHUBB.pdf,69,640300028,640 300 028,Contrôleur ATEX N4387A (3 km)
CTLG-9001639_Catalogue - Produits et Systèmes CHUBB.pdf,69,640300029,640 300 029,Contrôleur ATEX N4387A (4 km)
CTLG-9001639_Catalogue - Produits et Systèmes CHUBB.pdf,69,640300030,640 300 030,Contrôleur ATEX N4387A (8 km)
CTLG-9001639_Catalogue - Produits et Systèmes CHUBB.pdf,71,443200111,443 200 111,Détecteurs pour risques spéciaux
CTLG-9001639_Catalogue - Produits et Systèmes CHUBB.pdf,71,640000083,640 000 083,Le détecteur de flamme UV 55000-025 est sen-
CTLG-9001639_Catalogue - Produits et Systèmes CHUBB.pdf,71,200443200,200 443 200,Socle 45681- 112
CTLG-9001639_Catalogue - Produits et Systèmes CHUBB.pdf,71,458443200,458 443 200,Support orientable 29600- 113
CTLG-9001639_Catalogue - Produits et Systèmes CHUBB.pdf,71,070443200,070 443 200,Indicateur d’action 53832- 114
CTLG-9001639_Catalogue - Produits et Systèmes CHUBB.pdf,71,640000085,640 000 085,Support détecteur flamme 007127
CTLG-9001639_Catalogue - Produits et Systèmes CHUBB.pdf,71,443200032,443 200 032,Lampe test UV ou IR
CTLG-9001639_Catalogue - Produits et Systèmes CHUBB.pdf,72,640000084,640 000 084,Éclairage de sécurité - Services
CTLG-9001639_Catalogue - Produits et Systèmes CHUBB.pdf,72,641000024,641 000 024,PE EX armé  Presse-étoupe ATEX pour câble armé. Ne convient pas si installation en zone 1 ou en présence de
CTLG-9001639_Catalogue - Produits et Systèmes CHUBB.pdf,72,641000025,641 000 025,PE EX armé zone 1 gaz IIC  Presse-étoupe ATEX pour câble armé pour installation en zone 1 ou en présence de gaz classé IIC.
CTLG-9001639_Catalogue - Produits et Systèmes CHUBB.pdf,72,641000026,641 000 026,Joint pour PE EX  Compatible avec PE EX armé et PE EX armé zone 1 et gaz IIC.
CTLG-9001639_Catalogue - Produits et Systèmes CHUBB.pdf,72,641000027,641 000 027,Bouchon ATEX + joint
CTLG-9001639_Catalogue - Produits et Systèmes CHUBB.pdf,74,444000015,444 000 015,IA 2000
CTLG-9001639_Catalogue - Produits et Systèmes CHUBB.pdf,77,440190204,440 190 204,Accessoires
CTLG-9001639_Catalogue - Produits et Systèmes CHUBB.pdf,77,440190206,440 190 206,
CTLG-9001639_Catalogue - Produits et Systèmes CHUBB.pdf,77,440190205,440 190 205,
CTLG-9001639_Catalogue - Produits et Systèmes CHUBB.pdf,77,440190207,440 190 207,Détecteur de gaine DG13 V2
CTLG-9001639_Catalogue - Produits et Systèmes CHUBB.pdf,82,640100033,640 100 033,Les équipements de test des détecteurs
CTLG-9001639_Catalogue - Produits et Systèmes CHUBB.pdf,82,640100034,640 100 034,Les équipements de test des détecteurs
CTLG-9001639_Catalogue - Produits et Systèmes CHUBB.pdf,78,640100009,640 100 009,Chubb.Sat
CTLG-9001639_Catalogue - Produits et Systèmes CHUBB.pdf,80,640100003,640 100 003,Les équipements de test des détecteurs
CTLG-9001639_Catalogue - Produits et Systèmes CHUBB.pdf,78,640100004,640 100 004,Aérosol pour Bol Test
CTLG-9001639_Catalogue - Produits et Systèmes CHUBB.pdf,81,640100005,640 100 005,Les équipements de test des détecteurs
CTLG-9001639_Catalogue - Produits et Systèmes CHUBB.pdf,81,690100016,690 100 016,Les équipements de test des détecteurs
CTLG-9001639_Catalogue - Produits et Systèmes CHUBB.pdf,78,640100017,640 100 017,Capsules pour Testifire
CTLG-9001639_Catalogue - Produits et Systèmes CHUBB.pdf,78,443200031,443 200 031,TL 105 UV/IR LAMPE TEST ATEX  √
CTLG-9001639_Catalogue - Produits et Systèmes CHUBB.pdf,78,440300033,440 300 033,Outil chauffant fibre optique
CTLG-9001639_Catalogue - Produits et Systèmes CHUBB.pdf,80,640100007,640 100 007,Les équipements de test des détecteurs
CTLG-9001639_Catalogue - Produits et Systèmes CHUBB.pdf,80,640100001,640 100 001,
CTLG-9001639_Catalogue - Produits et Systèmes CHUBB.pdf,80,640100002,640 100 002,
CTLG-9001639_Catalogue - Produits et Systèmes CHUBB.pdf,80,640100008,640 100 008,
CTLG-9001639_Catalogue - Produits et Systèmes CHUBB.pdf,80,640100010,640 100 010,Outil universel de démontage
CTLG-9001639_Catalogue - Produits et Systèmes CHUBB.pdf,81,640100013,640 100 013,
CTLG-9001639_Catalogue - Produits et Systèmes CHUBB.pdf,81,640100006,640 100 006,
CTLG-9001639_Catalogue - Produits et Systèmes CHUBB.pdf,81,690100017,690 100 017,
CTLG-9001639_Catalogue - Produits et Systèmes CHUBB.pdf,81,640100014,640 100 014,
CTLG-9001639_Catalogue - Produits et Systèmes CHUBB.pdf,81,432000031,432 000 031,Bol Test détecteur thermique
CTLG-9001639_Catalogue - Produits et Systèmes CHUBB.pdf,82,640300033,640 300 033,
CTLG-9001639_Catalogue - Produits et Systèmes CHUBB.pdf,87,627000019,627 000 019,DM MCP2A-R910SF-A207-01
CTLG-9001639_Catalogue - Produits et Systèmes CHUBB.pdf,90,627000001,627 000 001,> DÉCLENCHEURS MANUELS ADRESSÉS I.SCAN
CTLG-9001639_Catalogue - Produits et Systèmes CHUBB.pdf,90,627000002,627 000 002,DM MCP5A-RP01SF-A207-01
CTLG-9001639_Catalogue - Produits et Systèmes CHUBB.pdf,92,640000092,640 000 092,Certification
CTLG-9001639_Catalogue - Produits et Systèmes CHUBB.pdf,92,627100005,627 100 005,•  Avec la clef de test en plastique (Réf. ).
CTLG-9001639_Catalogue - Produits et Systèmes CHUBB.pdf,92,627100001,627 100 001,Lot de 5 glaces gamme MCP
CTLG-9001639_Catalogue - Produits et Systèmes CHUBB.pdf,92,627100002,627 100 002,Lot de 5 plombs gamme MCP
CTLG-9001639_Catalogue - Produits et Systèmes CHUBB.pdf,92,627100003,627 100 003,Membrane déformable gamme MCP
CTLG-9001639_Catalogue - Produits et Systèmes CHUBB.pdf,92,627100004,627 100 004,Couvercle gamme MCP
CTLG-9001639_Catalogue - Produits et Systèmes CHUBB.pdf,93,627000007,627 000 007,427 400 001DM FHF 2014/2 Déclencheur gamme ATEX
CTLG-9001639_Catalogue - Produits et Systèmes CHUBB.pdf,93,627000010,627 000 010,427 400 001DM FHF 2014/2 Déclencheur gamme ATEX
CTLG-9001639_Catalogue - Produits et Systèmes CHUBB.pdf,93,427100203,427 100 203,DM MCP3A-G000SF-A207-01C
CTLG-9001639_Catalogue - Produits et Systèmes CHUBB.pdf,96,640200025,640 200 025,Diffuseurs sonores
CTLG-9001639_Catalogue - Produits et Systèmes CHUBB.pdf,96,640200026,640 200 026,
CTLG-9001639_Catalogue - Produits et Systèmes CHUBB.pdf,96,640200027,640 200 027,PNS-0001 NEXUS 105 DC
CTLG-9001639_Catalogue - Produits et Systèmes CHUBB.pdf,97,640000124,640 000 124,Diffuseurs lumineux
CTLG-9001639_Catalogue - Produits et Systèmes CHUBB.pdf,97,640000125,640 000 125,Diffuseurs lumineux
CTLG-9001639_Catalogue - Produits et Systèmes CHUBB.pdf,97,640000122,640 000 122,
CTLG-9001639_Catalogue - Produits et Systèmes CHUBB.pdf,97,640000123,640 000 123,SOLISTA LX rouge plafond socle bas
CTLG-9001639_Catalogue - Produits et Systèmes CHUBB.pdf,98,640200048,640 200 048,"7,5"
CTLG-9001639_Catalogue - Produits et Systèmes CHUBB.pdf,98,640200049,640 200 049,"7,5"
CTLG-9001639_Catalogue - Produits et Systèmes CHUBB.pdf,99,444000029,444 000 029,DÉTECTION ET MISE EN SÉCURITÉ
CTLG-9001639_Catalogue - Produits et Systèmes CHUBB.pdf,99,444000028,444 000 028,DAGS BZ1L
CTLG-9001639_Catalogue - Produits et Systèmes CHUBB.pdf,102,600200014,600 200 014,"Dans le cadre du raccordement en régime IT, un Module de protection IT () doit être"
CTLG-9001639_Catalogue - Produits et Systèmes CHUBB.pdf,103,660000016,660 000 016,Alim 60W Résonance Coffret V2  Alimentation type 60W RESONANCE V2. Pour mise en œuvre en coffret.
CTLG-9001639_Catalogue - Produits et Systèmes CHUBB.pdf,103,660000017,660 000 017,Alim 120W Résonance Coffret V2  Alimentation type 120W RESONANCE V2. Pour mise en œuvre en coffret.
CTLG-9001639_Catalogue - Produits et Systèmes CHUBB.pdf,103,660000107,660 000 107,Alim 60W Résonance Rack V2  Alimentation type 60W RESONANCE RACK V2. Pour mise en œuvre en rack.
CTLG-9001639_Catalogue - Produits et Systèmes CHUBB.pdf,103,660000108,660 000 108,Alim 120W Résonance Rack V2  Alimentation type 120W RESONANCE V2 EN VERSION RACK.
CTLG-9001639_Catalogue - Produits et Systèmes CHUBB.pdf,103,660000015,660 000 015,Alim Résonance 120W COF.38 V2
CTLG-9001639_Catalogue - Produits et Systèmes CHUBB.pdf,103,660000014,660 000 014,Alim Résonance 120W CAB-S V2
CTLG-9001639_Catalogue - Produits et Systèmes CHUBB.pdf,103,660000013,660 000 013,Alim Résonance 60W CAB-S V2
CTLG-9001639_Catalogue - Produits et Systèmes CHUBB.pdf,104,512000164,512 000 164,Mod Variation 24V 225W ss BAT V2  Alimentation type VARIATION 24V 225W V2.
CTLG-9001639_Catalogue - Produits et Systèmes CHUBB.pdf,104,512000166,512 000 166,Mod Variation 48V 225W ss BAT V2  Alimentation type VARIATION 48V 225W V2.
CTLG-9001639_Catalogue - Produits et Systèmes CHUBB.pdf,104,512000165,512 000 165,Mod Variation 24V 450W ss BAT V2  Alimentation type VARIATION 24V 450W V2.
CTLG-9001639_Catalogue - Produits et Systèmes CHUBB.pdf,104,512000167,512 000 167,Mod Variation 48V 450W V2  Alimentation type VARIATION 48V 450W V2.
CTLG-9001639_Catalogue - Produits et Systèmes CHUBB.pdf,104,512000168,512 000 168,Mod Variation 48V 450W COF.90 V2
CTLG-9001639_Catalogue - Produits et Systèmes CHUBB.pdf,104,512000169,512 000 169,Mod Variation 48V 450W Rack V2  Alimentation type VARIATION 48V 450W RACK V2. Mise en œuvre en rack.
CTLG-9001639_Catalogue - Produits et Systèmes CHUBB.pdf,104,512000150,512 000 150,Variation 24V 225W COF.90 V2
CTLG-9001639_Catalogue - Produits et Systèmes CHUBB.pdf,104,512000158,512 000 158,Variation 24V 225W Vers. CAB V2
CTLG-9001639_Catalogue - Produits et Systèmes CHUBB.pdf,104,512000161,512 000 161,Variation 24V 225W Rack V2  Alimentation type VARIATION 24V 225W RACK V2. Mise en œuvre en rack.
CTLG-9001639_Catalogue - Produits et Systèmes CHUBB.pdf,104,512000151,512 000 151,Variation 24V 450W COF.90 V2
CTLG-9001639_Catalogue - Produits et Systèmes CHUBB.pdf,104,512000159,512 000 159,Variation 24V 450W Vers. CAB V2  Alimentation type VARIATION 24V 450W CAB V2. Mise en œuvre en coffret CAB 10
CTLG-9001639_Catalogue - Produits et Systèmes CHUBB.pdf,104,512000162,512 000 162,Variation 24V 450W Rack V2  Alimentation type VARIATION 24V 450W RACK V2. Mise en œuvre en rack.
CTLG-9001639_Catalogue - Produits et Systèmes CHUBB.pdf,104,512000152,512 000 152,Variation 48V 225W COF.90 V2
CTLG-9001639_Catalogue - Produits et Systèmes CHUBB.pdf,104,512000160,512 000 160,Variation 48V 225W Vers. CAB V2
CTLG-9001639_Catalogue - Produits et Systèmes CHUBB.pdf,104,512000163,512 000 163,Variation 48V 225W RACK V2  Alimentation type VARIATION 48V 225W RACK V2. Mise en œuvre en rack.
CTLG-9001639_Catalogue - Produits et Systèmes CHUBB.pdf,104,512000153,512 000 153,Variation 24V 225W COF.17 V2
CTLG-9001639_Catalogue - Produits et Systèmes CHUBB.pdf,104,512000154,512 000 154,Variation 48V 225W COF.17 V2
CTLG-9001639_Catalogue - Produits et Systèmes CHUBB.pdf,104,512000155,512 000 155,Variation 24V 225W COF.38 V2
CTLG-9001639_Catalogue - Produits et Systèmes CHUBB.pdf,104,512000156,512 000 156,Variation 24V 450W COF.38 V2
CTLG-9001639_Catalogue - Produits et Systèmes CHUBB.pdf,104,512000157,512 000 157,Variation 48V 225W COF.38 V2
CTLG-9001639_Catalogue - Produits et Systèmes CHUBB.pdf,104,510000405,510 000 405,"Compatible avec les batteries (4x12V, 7 Ah), (4x12V, 10 Ah), (4x12V, 17 Ah)."
CTLG-9001639_Catalogue - Produits et Systèmes CHUBB.pdf,104,510000038,510 000 038,Alim 940 48V 8A Rack ss batterie
CTLG-9001639_Catalogue - Produits et Systèmes CHUBB.pdf,105,510000130,510000130,> MODULE IT
CTLG-9001639_Catalogue - Produits et Systèmes CHUBB.pdf,105,510000004,510000004,
CTLG-9001639_Catalogue - Produits et Systèmes CHUBB.pdf,105,510000128,510000128,
CTLG-9001639_Catalogue - Produits et Systèmes CHUBB.pdf,105,510000124,510000124,
CTLG-9001639_Catalogue - Produits et Systèmes CHUBB.pdf,105,510000131,510000131,
CTLG-9001639_Catalogue - Produits et Systèmes CHUBB.pdf,105,510000005,510000005,
CTLG-9001639_Catalogue - Produits et Systèmes CHUBB.pdf,105,510000129,510000129,
CTLG-9001639_Catalogue - Produits et Systèmes CHUBB.pdf,105,510000125,510000125,
CTLG-9001639_Catalogue - Produits et Systèmes CHUBB.pdf,105,510000010,510000010,
CTLG-9001639_Catalogue - Produits et Systèmes CHUBB.pdf,105,510000136,510000136,
CTLG-9001639_Catalogue - Produits et Systèmes CHUBB.pdf,105,510000008,510000008,
CTLG-9001639_Catalogue - Produits et Systèmes CHUBB.pdf,105,510000135,510000135,
CTLG-9001639_Catalogue - Produits et Systèmes CHUBB.pdf,105,510000009,510000009,
CTLG-9001639_Catalogue - Produits et Systèmes CHUBB.pdf,105,510000121,510000121,"Module 1 DC/DC 28,9V 2,8A COF"
CTLG-9001639_Catalogue - Produits et Systèmes CHUBB.pdf,106,690200019,690 200 019,690 200 015 690 200 020 690 200 022 690 200 024 690 200 026 690 200 028 690 200 030
CTLG-9001639_Catalogue - Produits et Systèmes CHUBB.pdf,106,690200015,690 200 015,690 200 019  690 200 020 690 200 022 690 200 024 690 200 026 690 200 028 690 200 030
CTLG-9001639_Catalogue - Produits et Systèmes CHUBB.pdf,106,690200020,690 200 020,690 200 019 690 200 015  690 200 022 690 200 024 690 200 026 690 200 028 690 200 030
CTLG-9001639_Catalogue - Produits et Systèmes CHUBB.pdf,106,690200022,690 200 022,690 200 019 690 200 015 690 200 020  690 200 024 690 200 026 690 200 028 690 200 030
CTLG-9001639_Catalogue - Produits et Systèmes CHUBB.pdf,106,690200024,690 200 024,690 200 019 690 200 015 690 200 020 690 200 022  690 200 026 690 200 028 690 200 030
CTLG-9001639_Catalogue - Produits et Systèmes CHUBB.pdf,106,690200026,690 200 026,690 200 019 690 200 015 690 200 020 690 200 022 690 200 024  690 200 028 690 200 030
CTLG-9001639_Catalogue - Produits et Systèmes CHUBB.pdf,106,690200028,690 200 028,690 200 019 690 200 015 690 200 020 690 200 022 690 200 024 690 200 026  690 200 030
CTLG-9001639_Catalogue - Produits et Systèmes CHUBB.pdf,106,690200030,690 200 030,690 200 019 690 200 015 690 200 020 690 200 022 690 200 024 690 200 026 690 200 028
CTLG-9001639_Catalogue - Produits et Systèmes CHUBB.pdf,106,690200004,690 200 004,690 200 016 690 200 021 690 200 023 690 200 025 690 200 031
CTLG-9001639_Catalogue - Produits et Systèmes CHUBB.pdf,106,690200016,690 200 016,690 200 004  690 200 021 690 200 023 690 200 025 690 200 031
CTLG-9001639_Catalogue - Produits et Systèmes CHUBB.pdf,106,690200021,690 200 021,690 200 004 690 200 016  690 200 023 690 200 025 690 200 031
CTLG-9001639_Catalogue - Produits et Systèmes CHUBB.pdf,106,690200023,690 200 023,690 200 004 690 200 016 690 200 021  690 200 025 690 200 031
CTLG-9001639_Catalogue - Produits et Systèmes CHUBB.pdf,106,690200025,690 200 025,690 200 004 690 200 016 690 200 021 690 200 023  690 200 031
CTLG-9001639_Catalogue - Produits et Systèmes CHUBB.pdf,106,690200031,690 200 031,690 200 004 690 200 016 690 200 021 690 200 023 690 200 025
CTLG-9001639_Catalogue - Produits et Systèmes CHUBB.pdf,107,690000006,690 000 006,> COFFRETS DÉPORTÉS
CTLG-9001639_Catalogue - Produits et Systèmes CHUBB.pdf,107,690000007,690 000 007,> COFFRETS DÉPORTÉS
CTLG-9001639_Catalogue - Produits et Systèmes CHUBB.pdf,107,690000008,690 000 008,
CTLG-9001639_Catalogue - Produits et Systèmes CHUBB.pdf,107,440000016,440 000 016,COFFRET S DÉPORTÉ
CTLG-9001639_Catalogue - Produits et Systèmes CHUBB.pdf,108,670000001,670 000 001,Mono.Rep
CTLG-9001639_Catalogue - Produits et Systèmes CHUBB.pdf,111,690100313,690 100 313,commandées.
CTLG-9001639_Catalogue - Produits et Systèmes CHUBB.pdf,111,690100312,690 100 312,Terminal.Com-FAD CAB.S V3
CTLG-9001639_Catalogue - Produits et Systèmes CHUBB.pdf,114,690100309,690 100 309,SUPERVISION
CTLG-9001639_Catalogue - Produits et Systèmes CHUBB.pdf,114,680000001,680 000 001,SUPERVISION
CTLG-9001639_Catalogue - Produits et Systèmes CHUBB.pdf,114,680000002,680 000 002,Terminal.Com-UAE CAB S V2
CTLG-9001639_Catalogue - Produits et Systèmes CHUBB.pdf,114,680000004,680 000 004,Support table pour Vision.Com
CTLG-9001639_Catalogue - Produits et Systèmes CHUBB.pdf,114,680000005,680 000 005,Extension 512 m pour Vision.Com
CTLG-9001639_Catalogue - Produits et Systèmes CHUBB.pdf,114,680000022,680 000 022,Alimenation Vision.Com
CTLG-9001639_Catalogue - Produits et Systèmes CHUBB.pdf,115,680000064,680 000 064,OPTION OPTIMA VISION 150 PTS
CTLG-9001639_Catalogue - Produits et Systèmes CHUBB.pdf,115,680000065,680 000 065,OPTION OPTIMA VISION 300 PTS
CTLG-9001639_Catalogue - Produits et Systèmes CHUBB.pdf,115,680000066,680 000 066,OPTION OPTIMA VISION 500 PTS
CTLG-9001639_Catalogue - Produits et Systèmes CHUBB.pdf,115,680000067,680 000 067,OPTION OPTIMA VISION 1000 PTS
CTLG-9001639_Catalogue - Produits et Systèmes CHUBB.pdf,115,680000068,680 000 068,OPTION OPTIMA VISION 2500 PTS
CTLG-9001639_Catalogue - Produits et Systèmes CHUBB.pdf,115,680000069,680 000 069,OPTION OPTIMA VISION 5000 PTS
CTLG-9001639_Catalogue - Produits et Systèmes CHUBB.pdf,115,680000070,680 000 070,OPTION OPTIMA VISION 10000 PTS
CTLG-9001639_Catalogue - Produits et Systèmes CHUBB.pdf,115,680000071,680 000 071,OPTIMA VISION VIEWER (x1)
CTLG-9001639_Catalogue - Produits et Systèmes CHUBB.pdf,115,680000072,680 000 072,OPTIMA VISION VIEWER (x5)
CTLG-9001639_Catalogue - Produits et Systèmes CHUBB.pdf,115,680000073,680 000 073,OPTIMA VISION PROTOCOLE
CTLG-9001639_Catalogue - Produits et Systèmes CHUBB.pdf,115,680000074,680 000 074,OPTIMA VISION MAIN COURANTE
CTLG-9001639_Catalogue - Produits et Systèmes CHUBB.pdf,115,680000075,680 000 075,OPTIMA VISION BACKUP
CTLG-9001639_Catalogue - Produits et Systèmes CHUBB.pdf,115,680000050,680 000 050,SUPERVISION
CTLG-9001639_Catalogue - Produits et Systèmes CHUBB.pdf,115,680000057,680 000 057,SUPERVISION
CTLG-9001639_Catalogue - Produits et Systèmes CHUBB.pdf,115,680000051,680 000 051,
CTLG-9001639_Catalogue - Produits et Systèmes CHUBB.pdf,115,680000058,680 000 058,
CTLG-9001639_Catalogue - Produits et Systèmes CHUBB.pdf,115,680000052,680 000 052,
CTLG-9001639_Catalogue - Produits et Systèmes CHUBB.pdf,115,680000059,680 000 059,
CTLG-9001639_Catalogue - Produits et Systèmes CHUBB.pdf,115,680000053,680 000 053,
CTLG-9001639_Catalogue - Produits et Systèmes CHUBB.pdf,115,680000060,680 000 060,
CTLG-9001639_Catalogue - Produits et Systèmes CHUBB.pdf,115,680000054,680 000 054,
CTLG-9001639_Catalogue - Produits et Systèmes CHUBB.pdf,115,680000061,680 000 061,
CTLG-9001639_Catalogue - Produits et Systèmes CHUBB.pdf,115,680000055,680 000 055,
CTLG-9001639_Catalogue - Produits et Systèmes CHUBB.pdf,115,680000062,680 000 062,
CTLG-9001639_Catalogue - Produits et Systèmes CHUBB.pdf,115,680000056,680 000 056,
CTLG-9001639_Catalogue - Produits et Systèmes CHUBB.pdf,115,680000063,680 000 063,OPTIMA VISION UAE 150 PTS
CTLG-9001639_Catalogue - Produits et Systèmes CHUBB.pdf,116,610000001,610 000 001,•  8 zones de détection collectives avec un relais feu par zone
CTLG-9001639_Catalogue - Produits et Systèmes CHUBB.pdf,116,610000002,610 000 002,•  16 zones de détection collectives avec un relais feu par zone
CTLG-9001639_Catalogue - Produits et Systèmes CHUBB.pdf,116,610000003,610 000 003,16 zones de détection collectives avec un relais feu par zone
CTLG-9001639_Catalogue - Produits et Systèmes CHUBB.pdf,116,610000004,610 000 004,•  16 zones de détection collectives
CTLG-9001639_Catalogue - Produits et Systèmes CHUBB.pdf,116,610000005,610 000 005,16 zones de détection collectives avec un relais feu par zone
CTLG-9001639_Catalogue - Produits et Systèmes CHUBB.pdf,116,610000006,610 000 006,•  16 zones de détection collectives avec un relais feu par zone
CTLG-9001639_Catalogue - Produits et Systèmes CHUBB.pdf,116,610000007,610 000 007,•  2 bus adressés gamme I.Scan
CTLG-9001639_Catalogue - Produits et Systèmes CHUBB.pdf,116,610000008,610 000 008,•  2 bus adressés gamme I.Scan
CTLG-9001639_Catalogue - Produits et Systèmes CHUBB.pdf,116,610000010,610 000 010,•  2 bus adressés gamme AD 1000
CTLG-9001639_Catalogue - Produits et Systèmes CHUBB.pdf,116,610000011,610 000 011,•  2 bus adressés gamme AD 1000
CTLG-9001639_Catalogue - Produits et Systèmes CHUBB.pdf,116,620000004,620 000 004,•  8 relais
CTLG-9001639_Catalogue - Produits et Systèmes CHUBB.pdf,116,620000005,620 000 005,•  16 relais
CTLG-9001639_Catalogue - Produits et Systèmes CHUBB.pdf,116,620000006,620 000 006,•  16 relais
CTLG-9001639_Catalogue - Produits et Systèmes CHUBB.pdf,116,630000020,630 000 020,et de 8 lignes de contrôle
CTLG-9001639_Catalogue - Produits et Systèmes CHUBB.pdf,116,630000021,630 000 021,Matériel déporté équipé 8 relais
CTLG-9001639_Catalogue - Produits et Systèmes CHUBB.pdf,116,630000022,630 000 022,• Livré avec 4 MODULE DAS RESONANCE
CTLG-9001639_Catalogue - Produits et Systèmes CHUBB.pdf,116,630000023,630 000 023,•  Livré avec 8 MODULE DAS RESONANCE
CTLG-9001639_Catalogue - Produits et Systèmes CHUBB.pdf,116,630000003,630 000 003,•  4 voies de transmission pour matériel déporté type MAP
CTLG-9001639_Catalogue - Produits et Systèmes CHUBB.pdf,116,630000004,630 000 004,•  8 voies de transmission pour matériel déporté type MAP
CTLG-9001639_Catalogue - Produits et Systèmes CHUBB.pdf,116,630000005,630 000 005,•  8 voies de transmission pour matériel déporté type MAP
CTLG-9001639_Catalogue - Produits et Systèmes CHUBB.pdf,117,630000012,630 000 012,de diffusion d’alarme indépendantes pour UGA 1
CTLG-9001639_Catalogue - Produits et Systèmes CHUBB.pdf,117,630000011,630 000 011,de mise en sécurité indépendantes
CTLG-9001639_Catalogue - Produits et Systèmes CHUBB.pdf,117,630000009,630 000 009,de mise en sécurité indépendantes
CTLG-9001639_Catalogue - Produits et Systèmes CHUBB.pdf,117,630000010,630 000 010,diffusion d'alarme indépendantes pour UGA IGH
CTLG-9001639_Catalogue - Produits et Systèmes CHUBB.pdf,117,630000014,630 000 014,•  2 fonctions de mise en sécurité indépendantes
CTLG-9001639_Catalogue - Produits et Systèmes CHUBB.pdf,117,630000015,630 000 015,•  3 fonctions de mise en sécurité indépendantes
CTLG-9001639_Catalogue - Produits et Systèmes CHUBB.pdf,117,630000016,630 000 016,•  7 fonctions de mise en sécurité indépendantes
CTLG-9001639_Catalogue - Produits et Systèmes CHUBB.pdf,117,630000018,630 000 018,•  7 fonctions de mise en sécurité indépendantes
CTLG-9001639_Catalogue - Produits et Systèmes CHUBB.pdf,117,600200011,600 200 011,MODULE PUISSANCE IMAGE/S200 V2
CTLG-9001639_Catalogue - Produits et Systèmes CHUBB.pdf,117,650000002,650 000 002,2 VOIES LON FTT DIRECTES
CTLG-9001639_Catalogue - Produits et Systèmes CHUBB.pdf,117,650000003,650 000 003,4 VOIES LON FTT DIRECTES
CTLG-9001639_Catalogue - Produits et Systèmes CHUBB.pdf,117,650000004,650 000 004,DEPORT LON FTT
CTLG-9001639_Catalogue - Produits et Systèmes CHUBB.pdf,117,650000005,650 000 005,DEPORT LON FTT RACK
CTLG-9001639_Catalogue - Produits et Systèmes CHUBB.pdf,117,650000006,650 000 006,DEPORT LON LPT
CTLG-9001639_Catalogue - Produits et Systèmes CHUBB.pdf,117,650000007,650 000 007,DEPORT LON LPT RACK
CTLG-9001639_Catalogue - Produits et Systèmes CHUBB.pdf,117,660000001,660 000 001,•  Alimentation type 24V POUR CARTE  DEPORT LPT
CTLG-9001639_Catalogue - Produits et Systèmes CHUBB.pdf,117,660000002,660 000 002,•  Alimentation type 24V POUR CARTE  DEPORT LPT
CTLG-9001639_Catalogue - Produits et Systèmes CHUBB.pdf,117,660000003,660 000 003,•  Alimentation type 48V POUR CARTE DEPORT LPT
CTLG-9001639_Catalogue - Produits et Systèmes CHUBB.pdf,117,660000004,660 000 004,•  Alimentation type 48V POUR CARTE DEPORT LPT RACK
CTLG-9001639_Catalogue - Produits et Systèmes CHUBB.pdf,117,690000001,690 000 001,OBTURATEUR ½ RESONNANCE
CTLG-9001639_Catalogue - Produits et Systèmes CHUBB.pdf,117,690000002,690 000 002,OBTURATEUR ¼ RESONNANCE
CTLG-9001639_Catalogue - Produits et Systèmes CHUBB.pdf,117,630000024,630 000 024,BORNIER CHANTIER CMSI V3 COF.
CTLG-9001639_Catalogue - Produits et Systèmes CHUBB.pdf,117,630001024,630 001 024,BORNIER CHANTIER CMSI V3 RACK
CTLG-9001639_Catalogue - Produits et Systèmes CHUBB.pdf,117,650000001,650 000 001,MODULE DE COMMUNICATION UTC.PACK
CTLG-9001639_Catalogue - Produits et Systèmes CHUBB.pdf,125,600100202,600 100 202,UTEX Pack 3ZD V2
CTLG-9001639_Catalogue - Produits et Systèmes CHUBB.pdf,125,600100203,600 100 203,UTEX Pack 6ZD V2
CTLG-9001639_Catalogue - Produits et Systèmes CHUBB.pdf,126,600100204,600 100 204,"UTEX Com 2 zones CAB-S V2  2 zones d’extinction, 1 alimentation 120 W V2 et  2 batteries 12 V/7 Ah. Coffret CAB-S."
CTLG-9001639_Catalogue - Produits et Systèmes CHUBB.pdf,126,600100205,600 100 205,"UTEX Com 2 zones CAB-M V2  2 zones d’extinction, sans alimentation et sans batterie. Coffret CAB-M."
CTLG-9001639_Catalogue - Produits et Systèmes CHUBB.pdf,126,600100206,600 100 206,"UTEX Com 2 zones CAB-L V2  2 zones d’extinction, sans alimentation et sans batterie. Coffret CAB-L."
CTLG-9001639_Catalogue - Produits et Systèmes CHUBB.pdf,126,600100207,600 100 207,"UTEX Com 2 zones Rack v2  2 zones d’extinction, sans alimentation et sans batterie. Rack 19’’ / 4U."
CTLG-9001639_Catalogue - Produits et Systèmes CHUBB.pdf,126,600100210,600 100 210,Coffret M deporté UTEX Com  Sans alimentation et sans batterie. Coffret CAB-M.
CTLG-9001639_Catalogue - Produits et Systèmes CHUBB.pdf,127,600200005,600 200 005,Module 1Zone EXT UTEX Com      Carte affichage et chantier une zone UTEX Com. Montage en coffret.
CTLG-9001639_Catalogue - Produits et Systèmes CHUBB.pdf,127,600200009,600 200 009,Module 1Zone EXT UTEX Com Rack  Carte affichage et chantier une zone UTEX Com. Montage en rack.
CTLG-9001639_Catalogue - Produits et Systèmes CHUBB.pdf,127,600200021,600 200 021,Mod Extension V2 UTEX Com  Carte extension UTEX Com. Montage en coffret.
CTLG-9001639_Catalogue - Produits et Systèmes CHUBB.pdf,127,600200022,600 200 022,Mod Extension V2 UTEX Com Rack  Carte extension UTEX Com. Montage en rack.
CTLG-9001639_Catalogue - Produits et Systèmes CHUBB.pdf,127,600200027,600 200 027,Module Lon UTEX Com  Carte de communication réseau Lon. Montage rack ou coffret.
CTLG-9001639_Catalogue - Produits et Systèmes CHUBB.pdf,127,600200025,600 200 025,Module DIR 10 Voies V2 UTEX Com   Carte 10 voies UTEX Com. Montage en coffret.
CTLG-9001639_Catalogue - Produits et Systèmes CHUBB.pdf,127,600200023,600 200 023,Module DIR 20 Voies V2 UTEX Com   Carte 20 voies UTEX Com. Montage en coffret.
CTLG-9001639_Catalogue - Produits et Systèmes CHUBB.pdf,127,600200026,600 200 026,Mod DIR 10 Voies V2 UTEX Com Rack  Carte 10 voies UTEX Com. Montage en rack.
CTLG-9001639_Catalogue - Produits et Systèmes CHUBB.pdf,127,600200024,600 200 024,Mod DIR 20 Voies V2 UTEX Com Rack  Carte 20 voies UTEX Com. Montage en rack.
CTLG-9001639_Catalogue - Produits et Systèmes CHUBB.pdf,127,600200004,600 200 004,Module AFF Déporte UTEX Com  Carte affichage déportée. Montage rack ou coffret.
CTLG-9001639_Catalogue - Produits et Systèmes CHUBB.pdf,140,443000010,443 000 010,> DISPOSITIFS MANUELS
CTLG-9001639_Catalogue - Produits et Systèmes CHUBB.pdf,140,443600009,443 600 009,Commande d’extinction 10070
CTLG-9001639_Catalogue - Produits et Systèmes CHUBB.pdf,141,443600003,443 600 003,ACCESSOIRES
CTLG-9001639_Catalogue - Produits et Systèmes CHUBB.pdf,141,443600004,443 600 004,ACCESSOIRES
CTLG-9001639_Catalogue - Produits et Systèmes CHUBB.pdf,141,443600007,443 600 007,
CTLG-9001639_Catalogue - Produits et Systèmes CHUBB.pdf,141,443600008,443 600 008,Réarmement externe
CTLG-9001639_Catalogue - Produits et Systèmes CHUBB.pdf,172,702000522,702 000 522,Capital Social 32 302 720 € • RCS Pontoise
